{"last_radar_prices": {"GROWW": 199.5200042724609, "BANKBARODA": 279.75, "UNITDSPR": 1384.9000244140625, "RRKABEL": 2489.89990234375, "DRREDDY": 1350.5, "LAURUSLABS": 1452.4000244140625, "EMCURE": 1880.0, "MARICO": 826.4000244140625, "OBEROIRLTY": 1756.800048828125, "BELRISE": 246.0, "NUVAMA": 1760.0, "JYOTICNC": 767.0, "SAILIFE": 1221.300048828125, "ACMESOLAR": 357.0, "SHYAMMETL": 945.0499877929688, "HEG": 520.0499877929688, "APTUS": 265.0, "JSL": 695.0499877929688, "LTFOODS": 386.8500061035156, "MEDANTA": 1315.0, "FIVESTAR": 497.0, "JMFINANCIL": 125.5999984741211, "UCOBANK": 27.209999084472656, "THELEELA": 483.8999938964844, "FACT": 890.0, "AAVAS": 1489.9000244140625, "CANFINHOME": 886.2000122070312, "SBFC": 90.8499984741211, "CIEINDIA": 471.2999877929688, "GODIGIT": 314.8500061035156, "DCMSHRIRAM": 1045.5999755859375}, "last_alert_targets": {"OLECTRA": 1582.3500000000001, "HEXT": 521.0100128173829, "ZYDUSWELL": 551.775}}